keys,en
MODKEY_PLANET_HOUSING,"Housing"
MODKEY_PLANET_STABILITY,"Stability"
MODKEY_SHIP_EVASION,"Evasion"
NAMES_STARS,"Star names"
PLANET_ARCTIC,"Arctic"
PLANET_ASTEROID_BELT,"Asteroid Belt"
PLANET_BARREN,"Barren"
PLANET_DEATHWORLD,"Deathworld"
PLANET_DESERT,"Desert"
PLANET_GAS_GIANT,"Gas Giant"
PLANET_OCEAN,"Ocean"
PLANET_TERRAN,"Terran"
PLANET_TOXIC,"Toxic"
PRESET_PACE_EPIC,"Epic"
PRESET_PACE_FAST,"Fast"
PRESET_PACE_STANDARD,"Standard"
PRESET_SIZE_HUGE,"Huge"
PRESET_SIZE_LARGE,"Large"
PRESET_SIZE_MEDIUM,"Medium"
PRESET_SIZE_SMALL,"Small"
RES_ALLOYS,"Alloys"
RES_COMPONENTS,"Components"
RES_CREDITS,"Credits"
RES_EXOTICS,"Exotics"
RES_FOOD,"Food"
RES_FUEL,"Fuel"
RES_INFLUENCE,"Influence"
RES_MUNITIONS,"Munitions"
RES_ORE,"Ore"
RES_RARE_EARTHS,"Rare Earths"
RES_RESEARCH,"Research"
SPECIES_HUMAN,"Humans"
SPECIES_KROTHI,"Krothi"
SPECIES_OHLAN,"Ohlan"
SPECIES_THESSARI,"Thessari"
SPECIES_VESSKAR,"Vess'kar"
STAR_BLUE_GIANT,"Blue Giant"
STAR_NEUTRON,"Neutron Star"
STAR_ORANGE,"Orange Star"
STAR_RED_DWARF,"Red Dwarf"
STAR_WHITE,"White Star"
STAR_YELLOW,"Yellow Star"
MENU_TITLE,"Deathworlders"
MENU_SUBTITLE,"Fleet Command Network"
MENU_NEW_GAME,"New game"
MENU_LOAD,"Load from archive"
MENU_QUIT,"Quit"
SETTINGS_UI_SCALE,"Interface scale"
SETUP_TITLE,"New game"
SETUP_GALAXY_SIZE,"Galaxy size"
SETUP_PACE,"Pace"
SETUP_SEED,"Seed"
SETUP_SEED_HINT,"Empty = random"
SETUP_SEED_RANDOM,"Random"
SETUP_CRISIS,"Crisis"
SETUP_PLAYERS,"Players"
SETUP_SLOT,"Slot {n}"
SETUP_START,"Start"
SETUP_BACK,"Back"
SETUP_NEED_HUMAN,"At least one slot must be Human."
CRISIS_OFF,"Off"
CRISIS_EARLY,"Early"
CRISIS_NORMAL,"Normal"
CRISIS_LATE,"Late"
CONTROLLER_HUMAN,"Human"
CONTROLLER_AI,"AI"
CONTROLLER_CLOSED,"Closed"
COMMAND_HUMAN,"Terran Union Fleet Command"
COMMAND_VESSKAR,"Vess'kar Ascendancy Fleet Command"
COMMAND_KROTHI,"Krothi Brood Fleet Command"
COMMAND_OHLAN,"Ohlan Consortium Fleet Command"
COMMAND_THESSARI,"Thessari Accord Fleet Command"
VIEW_GALAXY,"Strategic plot"
VIEW_CLUSTER,"Operational plot"
VIEW_SOLAR,"Tactical scope"
HUD_PAUSE,"Pause"
HUD_RESUME,"Resume"
HUD_PAUSED,"Paused"
HUD_HINT,"Space pause · +/− speed · Enter dive in · Esc back · Tab outliner · F6 sectors · F7 logistics · F9 stockpiles · F12 alerts · F10 menu"
CTX_NOTHING,"Nothing selected"
CTX_CLUSTER,"Cluster"
CTX_SYSTEM,"Star system"
CTX_PLANET,"Planet"
CTX_UNIT,"Unit"
CTX_SYSTEMS,"Systems: {n}"
CTX_STAR,"Star: {name}"
CTX_PLANETS,"Planets: {n}"
CTX_OWNER,"Owner: {name}"
CTX_UNCLAIMED,"Unclaimed"
CTX_IN_CLUSTER,"Cluster: {name}"
CTX_IN_SYSTEM,"System: {name}"
CTX_TYPE,"Type: {name}"
CTX_SIZE,"Size: {name}"
CTX_SLOTS,"Orbital slots: {n}"
CTX_DEPOSITS,"Deposits"
CTX_NO_DEPOSITS,"No known deposits"
CTX_CAPITAL,"Capital"
CTX_AT,"At: {name}"
CTX_DEST,"Destination: {name}"
CTX_ETA,"Arrives in about {n} days"
CTX_IDLE,"Idle"
CTX_ORDER_HINT,"Right-click a system to send this unit there."
UNIT_SCOUT,"Scout"
SIZE_TINY,"Tiny"
SIZE_SMALL,"Small"
SIZE_MEDIUM,"Medium"
SIZE_LARGE,"Large"
SIZE_HUGE,"Huge"
OUTLINER_TITLE,"Outliner"
OUTLINER_UNITS,"Units"
OUTLINER_SYSTEMS,"Systems"
OUTLINER_PLANETS,"Planets"
GAME_MENU_TITLE,"Command menu"
GAME_MENU_RESUME,"Resume"
GAME_MENU_SAVE,"Save to archive"
GAME_MENU_LOAD,"Load from archive"
GAME_MENU_EXIT,"Exit to main menu"
LOAD_TITLE,"Archive"
LOAD_EMPTY,"No saves in the archive yet."
LOAD_LOAD,"Load"
LOAD_BACK,"Back"
LOAD_FAILED,"Cannot load: {reason}"
SAVE_DONE,"Saved to the archive: {name}"
SAVE_FAILED,"Save failed: {reason}"
HULL_HUMAN_CORVETTE_MK1,"Corvette Mk I"
MODKEY_PLANET_BUILDING_SLOTS,"Building slots"
MODKEY_PLANET_STOCKPILE_CAP,"Stockpile capacity"
MODKEY_PLANET_FREIGHTER_BERTHS,"Freighter berths"
MODKEY_PLANET_GROWTH,"Growth"
MODKEY_PLANET_GARRISON,"Garrison"
MODKEY_PLANET_FORT_LEVEL,"Fortification level"
MODKEY_PLANET_TRADE_INCOME,"Trade income"
MODKEY_SHIPYARD_BUILD_SPEED,"Shipyard build speed"
MODKEY_ARMY_RECRUIT_COST,"Army recruitment cost"
MODKEY_JOB_INPUT_WORKER_ORE,"Worker ore input"
MODKEY_JOB_OUTPUT_RESEARCHER,"Researcher output"
MODKEY_HUB_CARGO_CREDITS,"Credits per 100 cargo through hub"
JOB_FARMER,"Farmer"
JOB_MINER,"Miner"
JOB_RE_MINER,"Rare Earth Miner"
JOB_REFINER,"Refiner"
JOB_WORKER,"Worker"
JOB_ENGINEER,"Engineer"
JOB_MUNITIONS_WORKER,"Munitions Worker"
JOB_RESEARCHER,"Researcher"
JOB_CLERK,"Clerk"
JOB_DOCKWORKER,"Dockworker"
JOB_SOLDIER,"Soldier"
BUILDING_FARM,"Farm"
BUILDING_MINE,"Mine"
BUILDING_RE_MINE,"Rare Earth Mine"
BUILDING_REFINERY,"Refinery"
BUILDING_FOUNDRY,"Foundry"
BUILDING_FABRICATOR,"Fabricator"
BUILDING_MUNITIONS_PLANT,"Munitions Plant"
BUILDING_LAB,"Lab"
BUILDING_EXCHANGE,"Exchange"
BUILDING_DOCKYARD,"Dockyard"
BUILDING_BARRACKS,"Barracks"
BUILDING_CAPITAL,"Capital"
FOCUS_INDUSTRIAL,"Industrial"
FOCUS_LOGISTICS,"Logistics"
FOCUS_FARMING,"Farming"
FOCUS_ECONOMY,"Economy"
FOCUS_RESEARCH,"Research"
FOCUS_MINING,"Mining"
FOCUS_MILITARY,"Military"
FOCUS_FORTRESS,"Fortress"
SYNERGY_FORGE_WORLD,"Forge World"
SYNERGY_TRADE_HUB,"Trade Hub"
SYNERGY_BASTION,"Bastion"
SYNERGY_ACADEMY_WORLD,"Academy World"
SYNERGY_BREADBASKET,"Breadbasket"
STATION_OUTPOST,"Outpost"
STATION_MINING_BELT,"Belt Mining Station"
STATION_MINING_RE_BELT,"Rare Earth Mining Station"
STATION_MINING_MOON,"Moon Mining Station"
STATION_REFINERY_STATION,"Refinery Station"
STATION_LOGISTICS_T1,"Logistics Station T1"
STATION_SHIPYARD_T1,"Shipyard S"
STATION_DEPOT_T1,"Supply Depot T1"
STATION_LOGISTICS_T2,"Logistics Station T2"
STATION_SHIPYARD_T2,"Shipyard M"
STATION_DEPOT_T2,"Supply Depot T2"
STATION_LOGISTICS_T3,"Logistics Station T3"
STATION_SHIPYARD_T3,"Shipyard L"
STATION_DEPOT_T3,"Supply Depot T3"
HULL_FREIGHTER_LIGHT,"Light Freighter"
HULL_FREIGHTER_HEAVY,"Heavy Freighter"
HULL_COLONY_SHIP,"Colony Ship"
DIRECTIVE_BALANCED,"Balanced"
DIRECTIVE_INDUSTRIAL_CORE,"Industrial Core"
DIRECTIVE_BREADBASKET,"Breadbasket"
DIRECTIVE_RESEARCH,"Research"
DIRECTIVE_FRONTIER_GROWTH,"Frontier Growth"
DIRECTIVE_MILITARY_MARCH,"Military March"
DIRECTIVE_FORTRESS_LINE,"Fortress Line"
TEMPLATE_INDUSTRIAL_LOGISTICS,"Industrial / Logistics"
TEMPLATE_INDUSTRIAL_FARMING,"Industrial / Farming"
TEMPLATE_INDUSTRIAL_ECONOMY,"Industrial / Economy"
TEMPLATE_INDUSTRIAL_RESEARCH,"Industrial / Research"
TEMPLATE_INDUSTRIAL_MINING,"Industrial / Mining"
TEMPLATE_INDUSTRIAL_MILITARY,"Industrial / Military"
TEMPLATE_INDUSTRIAL_FORTRESS,"Industrial / Fortress"
TEMPLATE_LOGISTICS_INDUSTRIAL,"Logistics / Industrial"
TEMPLATE_LOGISTICS_FARMING,"Logistics / Farming"
TEMPLATE_LOGISTICS_ECONOMY,"Logistics / Economy"
TEMPLATE_LOGISTICS_RESEARCH,"Logistics / Research"
TEMPLATE_LOGISTICS_MINING,"Logistics / Mining"
TEMPLATE_LOGISTICS_MILITARY,"Logistics / Military"
TEMPLATE_LOGISTICS_FORTRESS,"Logistics / Fortress"
TEMPLATE_FARMING_INDUSTRIAL,"Farming / Industrial"
TEMPLATE_FARMING_LOGISTICS,"Farming / Logistics"
TEMPLATE_FARMING_ECONOMY,"Farming / Economy"
TEMPLATE_FARMING_RESEARCH,"Farming / Research"
TEMPLATE_FARMING_MINING,"Farming / Mining"
TEMPLATE_FARMING_MILITARY,"Farming / Military"
TEMPLATE_FARMING_FORTRESS,"Farming / Fortress"
TEMPLATE_ECONOMY_INDUSTRIAL,"Economy / Industrial"
TEMPLATE_ECONOMY_LOGISTICS,"Economy / Logistics"
TEMPLATE_ECONOMY_FARMING,"Economy / Farming"
TEMPLATE_ECONOMY_RESEARCH,"Economy / Research"
TEMPLATE_ECONOMY_MINING,"Economy / Mining"
TEMPLATE_ECONOMY_MILITARY,"Economy / Military"
TEMPLATE_ECONOMY_FORTRESS,"Economy / Fortress"
TEMPLATE_RESEARCH_INDUSTRIAL,"Research / Industrial"
TEMPLATE_RESEARCH_LOGISTICS,"Research / Logistics"
TEMPLATE_RESEARCH_FARMING,"Research / Farming"
TEMPLATE_RESEARCH_ECONOMY,"Research / Economy"
TEMPLATE_RESEARCH_MINING,"Research / Mining"
TEMPLATE_RESEARCH_MILITARY,"Research / Military"
TEMPLATE_RESEARCH_FORTRESS,"Research / Fortress"
TEMPLATE_MINING_INDUSTRIAL,"Mining / Industrial"
TEMPLATE_MINING_LOGISTICS,"Mining / Logistics"
TEMPLATE_MINING_FARMING,"Mining / Farming"
TEMPLATE_MINING_ECONOMY,"Mining / Economy"
TEMPLATE_MINING_RESEARCH,"Mining / Research"
TEMPLATE_MINING_MILITARY,"Mining / Military"
TEMPLATE_MINING_FORTRESS,"Mining / Fortress"
TEMPLATE_MILITARY_INDUSTRIAL,"Military / Industrial"
TEMPLATE_MILITARY_LOGISTICS,"Military / Logistics"
TEMPLATE_MILITARY_FARMING,"Military / Farming"
TEMPLATE_MILITARY_ECONOMY,"Military / Economy"
TEMPLATE_MILITARY_RESEARCH,"Military / Research"
TEMPLATE_MILITARY_MINING,"Military / Mining"
TEMPLATE_MILITARY_FORTRESS,"Military / Fortress"
TEMPLATE_FORTRESS_INDUSTRIAL,"Fortress / Industrial"
TEMPLATE_FORTRESS_LOGISTICS,"Fortress / Logistics"
TEMPLATE_FORTRESS_FARMING,"Fortress / Farming"
TEMPLATE_FORTRESS_ECONOMY,"Fortress / Economy"
TEMPLATE_FORTRESS_RESEARCH,"Fortress / Research"
TEMPLATE_FORTRESS_MINING,"Fortress / Mining"
TEMPLATE_FORTRESS_MILITARY,"Fortress / Military"
TEMPLATE_COLONY_DEFAULT,"Colony"
ECONOMY_RULES_DEFAULT,"Economy rules"
START_DEFAULT,"Standard opening"
HULL_SCOUT,"Scout"
UNIT_FREIGHTER,"Freighter"
UNIT_COLONY,"Colony ship"
UNIT_RAIDER,"Pirate raider"
OWNER_PIRATES,"Pirates"
STAGE_OUTPOST,"Outpost"
STAGE_COLONY,"Colony"
STAGE_DEVELOPED,"Developed"
STAGE_CORE,"Core world"
AUTONOMY_AUTOMATED,"Auto"
AUTONOMY_ASSISTED,"Assist"
AUTONOMY_MANUAL,"Manual"
AUTONOMY_SHORT_AUTOMATED,"A"
AUTONOMY_SHORT_ASSISTED,"S"
AUTONOMY_SHORT_MANUAL,"M"
TOP_CREDITS,"Credits: treasury and last month's net (income minus upkeep). Click for the stockpile view."
TOP_RESEARCH,"Research: points banked and last month's output."
TOP_INFLUENCE,"Influence: banked and last month's net. Claiming a system costs influence."
TOP_ALERTS,"Alerts (F12)"
SCREEN_CLOSE,"Close"
CTX_COLONY,"Colony"
CTX_STAGE,"Stage: {name}"
CTX_FOCUS,"Focus: {name}"
CTX_NONE,"none"
CTX_POPS,"Pops {n}/{max} · Stability {stab}"
CTX_STARVING,"Starving!"
CTX_UNEMPLOYED,"{n} unemployed"
CTX_NO_JOBS,"No jobs"
CTX_STOCKPILE,"Stockpile (local)"
CTX_MORE_IN_STOCKPILE,"More in the stockpile view (F9)"
CTX_BUILDINGS,"Buildings {n}/{max} slots"
CTX_BUILDING_NOW,"Building {name}: day {done}/{total}"
CTX_STALLED,"Waiting for materials for {n} days"
CTX_SUGGESTS,"Governor suggests: {name}"
CTX_APPROVE,"Approve suggestion"
CTX_GOVERNOR_PLANS,"Governor plans: {name}"
CTX_QUEUE_NEXT,"Queue {name}"
CTX_ORBITALS,"Orbitals"
CTX_UNDER_CONSTRUCTION,"(building, day {done}/{total})"
CTX_UPGRADING,"(upgrading, day {done}/{total})"
CTX_COLONISE,"Colonise..."
ALERTS_TITLE,"Alerts"
ALERTS_NONE,"No alerts. Everything is running."
ALERTS_SHOW,"Show"
ALERTS_FIX,"Fix ▸"
ALERT_DEFICIT,"Credit deficit for {n} months: stability is falling everywhere and construction halts"
ALERT_STARVATION,"Starvation in {n} days on {name}"
ALERT_STALLED,"Construction stalled at {name}: no {res} for {n} days"
ALERT_UNEMPLOYMENT,"{n} unemployed on {name}"
ALERT_STABILITY,"Stability {n} on {name}"
ALERT_OVERFLOW,"{res} nearly full at {name}"
ALERT_SHIPYARD_IDLE,"Shipyard idle: {name}"
ALERT_FREIGHTERS,"Freighter shortage: {busy} of {n} busy"
ALERT_CONVOY_LOST,"Convoy lost at {system}"
ALERT_PIRATES,"Frontier unrest: {n} pirate raiders hunting your convoys"
ALERT_SUPPLY,"Ship out of fuel at {name}"
FIX_ROUTE_FOOD,"Keep {n} food at {name} (critical demand)"
FIX_IMPORT,"Import {n} {res} to {name} (critical demand)"
FIX_QUEUE_BUILDING,"Queue {name}"
FIX_QUEUE_SHIP,"Queue a {name}"
SECTOR_TITLE,"Sectors"
SECTOR_NONE,"No sectors yet."
SECTOR_HEADER,"Sector · hub {hub}"
SECTOR_HEADER_CORE,"Core Sector · hub {hub}"
SECTOR_DIRECTIVE,"Directive"
SECTOR_COUNTS,"Systems {systems} · Planets {planets}"
SECTOR_COL_PLANET,"Planet"
SECTOR_COL_STAGE,"Stage"
SECTOR_COL_FOCUS,"Focus"
SECTOR_COL_POPS,"Pops"
SECTOR_COL_STAB,"Stab"
SECTOR_COL_MODE,"Mode"
SECTOR_COL_RES,"Resource"
SECTOR_COL_STOCK,"Stock"
SECTOR_COL_NET,"Net/mo"
SECTOR_COL_EXPORT,"Export"
SECTOR_FREIGHT,"Freight: {used}/{berths} berths · {pct}% busy · {lost} convoys lost"
SECTOR_ALERTS,"Alerts in this sector: {n}"
LOGI_TITLE,"Logistics"
LOGI_TAB_ROUTES,"Routes"
LOGI_TAB_DEMANDS,"Demand targets"
LOGI_TAB_HUBS,"Hubs & freighters"
LOGI_TAB_LOSSES,"Losses"
LOGI_COL_FROM,"From"
LOGI_COL_TO,"To"
LOGI_COL_RES,"Resource"
LOGI_COL_PER_TRIP,"Per trip"
LOGI_COL_PRIO,"Priority"
LOGI_COL_FREIGHTERS,"Freighters"
LOGI_COL_HOLDER,"Where"
LOGI_COL_TARGET,"Target"
LOGI_COL_STOCK,"Stock"
LOGI_COL_FREIGHTER,"Freighter"
LOGI_COL_AT,"At"
LOGI_COL_JOB,"Doing"
LOGI_COL_DATE,"Date"
LOGI_COL_SYSTEM,"System"
LOGI_COL_HULL,"Hull"
LOGI_COL_CARGO,"Cargo lost"
LOGI_DELETE,"Delete"
LOGI_REMOVE,"Remove"
LOGI_NO_ROUTES,"No routes. Auto-logistics moves goods where they are needed; add a route for a fixed flow."
LOGI_NO_DEMANDS,"No demand targets set."
LOGI_DEMANDS_NOTE,"Construction sites and sector governors raise their own demands; these are yours."
LOGI_HUB,"{name}: {used}/{berths} berths, range {range} lanes"
LOGI_IDLE,"Idle"
LOGI_JOB,"{amount} {res}: {from} → {to}"
LOGI_NO_HUBS,"No hubs with berths."
LOGI_NO_LOSSES,"No convoys lost."
STOCK_TITLE,"Stockpiles"
STOCK_ALL_RESOURCES,"All resources"
STOCK_FILTER_ALL,"All"
STOCK_FILTER_NEAR_FULL,"Near full"
STOCK_FILTER_EMPTY,"Empty"
STOCK_COL_HOLDER,"Where"
STOCK_COL_RES,"Resource"
STOCK_COL_STOCK,"Stock"
STOCK_COL_CAP,"Cap"
STOCK_COL_FILL,"Fill"
STOCK_COL_NET,"Net/mo"
STOCK_NOTHING,"Nothing matches."
STOCK_TOTALS,"Totals: {list}"
COLONISE_TITLE,"Colonise"
COLONISE_PLANET,"{name} ({type}, {size})"
COLONISE_HABITABILITY,"Habitability ({species}) {pct}% · Housing {housing}"
COLONISE_SHIP,"Colony ship at {at} (takes 1 pop from its shipyard's planet when built)"
COLONISE_NO_SHIP,"No colony ship. Queue one at a shipyard."
COLONISE_REACH,"Reach: {n} lanes to the nearest hub"
COLONISE_REACH_FAR,"Reach: beyond every hub's range"
COLONISE_REACH_PENALTY,"(stability {stab}, upkeep +{upkeep}%)"
COLONISE_CLAIM,"Claiming the system costs {n} influence (you have {have})"
COLONISE_UPKEEP,"Upkeep: {n} credits a month until its first Farm, plus food"
COLONISE_PAYBACK,"Estimated payback: about {years} years ({date})"
COLONISE_PAYBACK_NEVER,"Estimated payback: never at current rates"
COLONISE_GO,"Colonise ▸"
COLONISE_BLOCKED,"This planet can't be settled right now (owner, habitability, route or influence)."
